書籍名,価格,リンク
ART STATION,20,https://imanyu.wixsite.com/demo-books/product-page/art-station
KAHLO,25,https://imanyu.wixsite.com/demo-books/product-page/kahlo
INTERIOR DESIGN,22,https://imanyu.wixsite.com/demo-books/product-page/interior-design
THE MISSING,25,https://imanyu.wixsite.com/demo-books/product-page/the-missing
ALPS,28,https://imanyu.wixsite.com/demo-books/product-page/alps
SPOKEN WORD,30,https://imanyu.wixsite.com/demo-books/product-page/spoken-word
SAHARA,35,https://imanyu.wixsite.com/demo-books/product-page/sahara
VEGETARIAN CHILD,35,https://imanyu.wixsite.com/demo-books/product-page/vegetarian-child
WAITED LONG ENOUGH,38,https://imanyu.wixsite.com/demo-books/product-page/waited-long-enough
PICASSO,34,https://imanyu.wixsite.com/demo-books/product-page/picasso
YOU'RE NOT A HOARDER,40,https://imanyu.wixsite.com/demo-books/product-page/you-re-not-a-hoarder
COCKTAILS,5,https://imanyu.wixsite.com/demo-books/product-page/cocktails
ORIGAMI,25,https://imanyu.wixsite.com/demo-books/product-page/origami
CHAIRS,30,https://imanyu.wixsite.com/demo-books/product-page/chairs
NINI,20,https://imanyu.wixsite.com/demo-books/product-page/nini
HEALING HERBS,38,https://imanyu.wixsite.com/demo-books/product-page/healing-herbs
